source,source_url,jurisdiction,level,parent_title,node_title,normalized_title,node_type,branch,suggested_saudi_domain,suggested_hakeem_issue_path,mapping_type,confidence,needs_human_review,evidence_url,evidence_selector,evidence_snippet
Egyptian Legal Encyclopedia,seed://egypt_moj_structural_seed,EG,0,,الموسوعة القانونية المصرية,الموسوعه القانونيه المصريه,encyclopedia_root,,الأنظمة واللوائح,الأنظمة واللوائح > التشريعات > الموسوعة القانونية المصرية,structural_seed,0.9,True,seed://egypt_moj_structural_seed,seed,الموسوعة القانونية المصرية
Egyptian Legal Encyclopedia,https://eg-pp.com/TAShSearch,EG,1,الموسوعة القانونية المصرية,موسوعة التشريعات,موسوعه التشريعات,encyclopedia_branch,موسوعة التشريعات,الأنظمة واللوائح,الأنظمة واللوائح > التشريعات > موسوعة التشريعات,structural_seed,0.9,True,https://eg-pp.com/TAShSearch,public_index,موسوعة التشريعات
Egyptian Legal Encyclopedia,https://eg-pp.com/TAShSearch,EG,2,موسوعة التشريعات,القانون المدني,القانون المدني,legislation_category,موسوعة التشريعات,الأنظمة واللوائح,الأنظمة واللوائح > التشريعات > القانون المدني,structural_seed,0.6,True,https://eg-pp.com/TAShSearch,seed,القانون المدني
Egyptian Legal Encyclopedia,https://eg-pp.com/TAShSearch,EG,2,موسوعة التشريعات,قانون العقوبات,قانون العقوبات,legislation_category,موسوعة التشريعات,الأنظمة واللوائح,الأنظمة واللوائح > التشريعات > قانون العقوبات,structural_seed,0.6,True,https://eg-pp.com/TAShSearch,seed,قانون العقوبات
Egyptian Legal Encyclopedia,https://eg-pp.com/TAShSearch,EG,2,موسوعة التشريعات,قانون المرافعات المدنية والتجارية,قانون المرافعات المدنيه والتجاريه,legislation_category,موسوعة التشريعات,الأنظمة واللوائح,الأنظمة واللوائح > التشريعات > قانون المرافعات المدنية والتجارية,structural_seed,0.6,True,https://eg-pp.com/TAShSearch,seed,قانون المرافعات المدنية والتجارية
Egyptian Legal Encyclopedia,https://eg-pp.com/TAShSearch,EG,2,موسوعة التشريعات,قانون الإجراءات الجنائية,قانون الاجراءات الجناييه,procedural_issue,موسوعة التشريعات,الأنظمة واللوائح,الأنظمة واللوائح > التشريعات > قانون الإجراءات الجنائية,structural_seed,0.75,True,https://eg-pp.com/TAShSearch,seed,قانون الإجراءات الجنائية
Egyptian Legal Encyclopedia,https://eg-pp.com/TAShSearch,EG,2,موسوعة التشريعات,قانون الأحوال الشخصية,قانون الاحوال الشخصيه,legislation_category,موسوعة التشريعات,الأنظمة واللوائح,الأنظمة واللوائح > التشريعات > قانون الأحوال الشخصية,structural_seed,0.6,True,https://eg-pp.com/TAShSearch,seed,قانون الأحوال الشخصية
Egyptian Legal Encyclopedia,https://eg-pp.com/TAShSearch,EG,2,موسوعة التشريعات,قانون العمل,قانون العمل,labor_issue,موسوعة التشريعات,نظام العمل,نظام العمل > المنازعات العمالية > قانون العمل,structural_seed,0.75,True,https://eg-pp.com/TAShSearch,seed,قانون العمل
Egyptian Legal Encyclopedia,https://eg-pp.com/TAShSearch,EG,2,موسوعة التشريعات,اللوائح والقرارات الجمهورية,اللوايح والقرارات الجمهوريه,legislation_category,موسوعة التشريعات,الأنظمة واللوائح,الأنظمة واللوائح > التشريعات > اللوائح والقرارات الجمهورية,structural_seed,0.6,True,https://eg-pp.com/TAShSearch,seed,اللوائح والقرارات الجمهورية
Egyptian Legal Encyclopedia,https://w.emj-eg.com/,EG,1,الموسوعة القانونية المصرية,موسوعة الأحكام,موسوعه الاحكام,encyclopedia_branch,موسوعة الأحكام,السوابق والمبادئ القضائية,السوابق والمبادئ القضائية > الأحكام > موسوعة الأحكام,structural_seed,0.9,True,https://w.emj-eg.com/,public_index,موسوعة الأحكام
Egyptian Legal Encyclopedia,https://w.emj-eg.com/AhkamT/Index?id=1,EG,2,موسوعة الأحكام,أحكام النقض المدني,احكام النقض المدني,judgment_category,موسوعة الأحكام,السوابق والمبادئ القضائية,السوابق والمبادئ القضائية > الأحكام > أحكام النقض المدني,structural_seed,0.9,True,https://w.emj-eg.com/AhkamT/Index?id=1,public_index,أحكام النقض المدني
Egyptian Legal Encyclopedia,https://w.emj-eg.com/AhkamT/Index?id=1,EG,3,أحكام النقض المدني,مبادئ النقض المدني,مبادي النقض المدني,judgment_category,موسوعة الأحكام,السوابق والمبادئ القضائية,السوابق والمبادئ القضائية > الأحكام > مبادئ النقض المدني,structural_seed,0.6,True,https://w.emj-eg.com/AhkamT/Index?id=1,seed,مبادئ النقض المدني
Egyptian Legal Encyclopedia,https://w.emj-eg.com/AhkamT/Index?id=1,EG,3,أحكام النقض المدني,نماذج أحكام مدنية,نماذج احكام مدنيه,judgment_category,موسوعة الأحكام,السوابق والمبادئ القضائية,المعاملات المدنية > التسبيب والحيثيات > نماذج أحكام مدنية,structural_seed,0.6,True,https://w.emj-eg.com/AhkamT/Index?id=1,seed,نماذج أحكام مدنية
Egyptian Legal Encyclopedia,https://w.emj-eg.com/AhkamT/Index?id=2,EG,2,موسوعة الأحكام,أحكام النقض الجنائي,احكام النقض الجنايي,judgment_category,موسوعة الأحكام,السوابق والمبادئ القضائية,السوابق والمبادئ القضائية > الأحكام > أحكام النقض الجنائي,structural_seed,0.9,True,https://w.emj-eg.com/AhkamT/Index?id=2,public_index,أحكام النقض الجنائي
Egyptian Legal Encyclopedia,https://w.emj-eg.com/AhkamT/Index?id=2,EG,3,أحكام النقض الجنائي,مبادئ النقض الجنائي,مبادي النقض الجنايي,judgment_category,موسوعة الأحكام,السوابق والمبادئ القضائية,السوابق والمبادئ القضائية > الأحكام > مبادئ النقض الجنائي,structural_seed,0.6,True,https://w.emj-eg.com/AhkamT/Index?id=2,seed,مبادئ النقض الجنائي
Egyptian Legal Encyclopedia,https://w.emj-eg.com/AhkamT/Index?id=2,EG,3,أحكام النقض الجنائي,نماذج أحكام جنائية,نماذج احكام جناييه,judgment_category,موسوعة الأحكام,السوابق والمبادئ القضائية,الجزائي > التسبيب والحيثيات > نماذج أحكام جنائية,structural_seed,0.6,True,https://w.emj-eg.com/AhkamT/Index?id=2,seed,نماذج أحكام جنائية
Egyptian Legal Encyclopedia,https://w.emj-eg.com/AhkamT/Index?id=4,EG,2,موسوعة الأحكام,أحكام الدستورية العليا,احكام الدستوريه العليا,judgment_category,موسوعة الأحكام,السوابق والمبادئ القضائية,السوابق والمبادئ القضائية > الأحكام > أحكام الدستورية العليا,structural_seed,0.9,True,https://w.emj-eg.com/AhkamT/Index?id=4,public_index,أحكام الدستورية العليا
Egyptian Legal Encyclopedia,https://w.emj-eg.com/AhkamT/Index?id=6,EG,2,موسوعة الأحكام,المحكمة الإدارية العليا,المحكمه الاداريه العليا,administrative_issue,موسوعة الأحكام,الإداري,الإداري > القضاء الإداري > المحكمة الإدارية العليا,structural_seed,0.75,True,https://w.emj-eg.com/AhkamT/Index?id=6,public_index,المحكمة الإدارية العليا
Egyptian Legal Encyclopedia,https://w.emj-eg.com/AhkamT/Index?id=7,EG,2,موسوعة الأحكام,محكمة القضاء الإداري,محكمه القضاء الاداري,administrative_issue,موسوعة الأحكام,الإداري,الإداري > القضاء الإداري > محكمة القضاء الإداري,structural_seed,0.75,True,https://w.emj-eg.com/AhkamT/Index?id=7,public_index,محكمة القضاء الإداري
Egyptian Legal Encyclopedia,https://w.emj-eg.com/,EG,2,موسوعة الأحكام,فتاوى مجلس الدولة,فتاوي مجلس الدوله,administrative_issue,موسوعة الأحكام,الإداري / المنازعات الحكومية,الإداري > الفتاوى > فتاوى مجلس الدولة,structural_seed,0.9,True,https://w.emj-eg.com/,seed,فتاوى مجلس الدولة
Egyptian Legal Encyclopedia,https://w.emj-eg.com/,EG,2,موسوعة الأحكام,الحيثيات,الحيثيات,reasoning_template,موسوعة الأحكام,المعاملات المدنية / المرافعات,المعاملات المدنية > التسبيب والحيثيات > الحيثيات,structural_seed,0.75,True,https://w.emj-eg.com/,seed,الحيثيات
Egyptian Legal Encyclopedia,https://w.emj-eg.com/,EG,3,الحيثيات,حيثيات مدنية,حيثيات مدنيه,reasoning_template,موسوعة الأحكام,المعاملات المدنية / المرافعات,المعاملات المدنية > التسبيب والحيثيات > حيثيات مدنية,structural_seed,0.9,True,https://w.emj-eg.com/,seed,حيثيات مدنية
Egyptian Legal Encyclopedia,https://w.emj-eg.com/,EG,3,الحيثيات,حيثيات جنائية,حيثيات جناييه,reasoning_template,موسوعة الأحكام,الجزائي / الإجراءات الجزائية,الجزائي > التسبيب والحيثيات > حيثيات جنائية,structural_seed,0.9,True,https://w.emj-eg.com/,seed,حيثيات جنائية
Egyptian Legal Encyclopedia,https://w.emj-eg.com/,EG,3,الحيثيات,حيثيات الأسرة,حيثيات الاسره,family_issue,موسوعة الأحكام,الأحوال الشخصية,الأحوال الشخصية > التسبيب والحيثيات > حيثيات الأسرة,structural_seed,0.75,True,https://w.emj-eg.com/,seed,حيثيات الأسرة
Egyptian Legal Encyclopedia,https://w.emj-eg.com/,EG,3,الحيثيات,حيثيات العمل,حيثيات العمل,labor_issue,موسوعة الأحكام,نظام العمل,نظام العمل > التسبيب والحيثيات > حيثيات العمل,structural_seed,0.75,True,https://w.emj-eg.com/,seed,حيثيات العمل
Egyptian Legal Encyclopedia,https://w.emj-eg.com/,EG,2,موسوعة الأحكام,نماذج الأحكام,نماذج الاحكام,reasoning_template,موسوعة الأحكام,السوابق والمبادئ القضائية,المعاملات المدنية > التسبيب والحيثيات > نماذج الأحكام,structural_seed,0.75,True,https://w.emj-eg.com/,seed,نماذج الأحكام
Egyptian Legal Encyclopedia,https://w.emj-eg.com/,EG,3,نماذج الأحكام,صيغ ونماذج الأحكام المدنية,صيغ ونماذج الاحكام المدنيه,reasoning_template,موسوعة الأحكام,السوابق والمبادئ القضائية,المعاملات المدنية > التسبيب والحيثيات > صيغ ونماذج الأحكام المدنية,structural_seed,0.75,True,https://w.emj-eg.com/,seed,صيغ ونماذج الأحكام المدنية
Egyptian Legal Encyclopedia,https://w.emj-eg.com/,EG,3,نماذج الأحكام,صيغ ونماذج الأحكام الجنائية,صيغ ونماذج الاحكام الجناييه,reasoning_template,موسوعة الأحكام,السوابق والمبادئ القضائية,الجزائي > التسبيب والحيثيات > صيغ ونماذج الأحكام الجنائية,structural_seed,0.75,True,https://w.emj-eg.com/,seed,صيغ ونماذج الأحكام الجنائية
Egyptian Legal Encyclopedia,https://eg-pp.com/,EG,1,الموسوعة القانونية المصرية,موسوعة النيابة,موسوعه النيابه,encyclopedia_branch,موسوعة النيابة,الجزائي,الجزائي > مسائل عامة > موسوعة النيابة,structural_seed,0.9,True,https://eg-pp.com/,public_index,موسوعة النيابة
Egyptian Legal Encyclopedia,https://eg-pp.com/,EG,2,موسوعة النيابة,القيود والأوصاف,القيود والاوصاف,criminal_classification,موسوعة النيابة,الجزائي,الجزائي > التكييف الجنائي > القيود والأوصاف,structural_seed,0.75,True,https://eg-pp.com/,seed,القيود والأوصاف
Egyptian Legal Encyclopedia,https://eg-pp.com/,EG,3,القيود والأوصاف,قيود وأوصاف الجنايات,قيود واوصاف الجنايات,criminal_classification,موسوعة النيابة,الجزائي,الجزائي > التكييف الجنائي > قيود وأوصاف الجنايات,structural_seed,0.9,True,https://eg-pp.com/,seed,قيود وأوصاف الجنايات
Egyptian Legal Encyclopedia,https://eg-pp.com/,EG,3,القيود والأوصاف,قيود وأوصاف الجنح,قيود واوصاف الجنح,criminal_classification,موسوعة النيابة,الجزائي,الجزائي > التكييف الجنائي > قيود وأوصاف الجنح,structural_seed,0.9,True,https://eg-pp.com/,seed,قيود وأوصاف الجنح
Egyptian Legal Encyclopedia,https://eg-pp.com/,EG,3,القيود والأوصاف,قيود وأوصاف المخالفات,قيود واوصاف المخالفات,criminal_classification,موسوعة النيابة,الجزائي,الجزائي > التكييف الجنائي > قيود وأوصاف المخالفات,structural_seed,0.9,True,https://eg-pp.com/,seed,قيود وأوصاف المخالفات
Egyptian Legal Encyclopedia,https://eg-pp.com/,EG,2,موسوعة النيابة,التصرف في التحقيق,التصرف في التحقيق,prosecution_category,موسوعة النيابة,الجزائي,الجزائي > مسائل عامة > التصرف في التحقيق,structural_seed,0.6,True,https://eg-pp.com/,seed,التصرف في التحقيق
Egyptian Legal Encyclopedia,https://eg-pp.com/,EG,2,موسوعة النيابة,أوامر النيابة,اوامر النيابه,prosecution_category,موسوعة النيابة,الجزائي,الجزائي > مسائل عامة > أوامر النيابة,structural_seed,0.6,True,https://eg-pp.com/,seed,أوامر النيابة
Egyptian Legal Encyclopedia,seed://egypt_moj_structural_seed,EG,1,الموسوعة القانونية المصرية,الموسوعة الجنائية,الموسوعه الجناييه,encyclopedia_branch,الموسوعة الجنائية,الجزائي,الجزائي > مسائل عامة > الموسوعة الجنائية,structural_seed,0.9,True,seed://egypt_moj_structural_seed,seed,الموسوعة الجنائية
Egyptian Legal Encyclopedia,seed://egypt_moj_structural_seed,EG,2,الموسوعة الجنائية,الدفوع الجنائية,الدفوع الجناييه,defense_issue,الموسوعة الجنائية,الإجراءات الجزائية / الجزائي,الجزائي > الدفوع > الدفوع الجنائية,structural_seed,0.9,True,seed://egypt_moj_structural_seed,seed,الدفوع الجنائية
Egyptian Legal Encyclopedia,seed://egypt_moj_structural_seed,EG,3,الدفوع الجنائية,الدفع بالبطلان,الدفع بالبطلان,defense_issue,الموسوعة الجنائية,الإجراءات الجزائية / الجزائي,الجزائي > الدفوع > الدفع بالبطلان,structural_seed,0.75,True,seed://egypt_moj_structural_seed,seed,الدفع بالبطلان
Egyptian Legal Encyclopedia,seed://egypt_moj_structural_seed,EG,3,الدفوع الجنائية,الدفع بانتفاء الركن المادي,الدفع بانتفاء الركن المادي,defense_issue,الموسوعة الجنائية,الإجراءات الجزائية / الجزائي,الجزائي > الدفوع > الدفع بانتفاء الركن المادي,structural_seed,0.75,True,seed://egypt_moj_structural_seed,seed,الدفع بانتفاء الركن المادي
Egyptian Legal Encyclopedia,seed://egypt_moj_structural_seed,EG,3,الدفوع الجنائية,الدفع بانتفاء القصد الجنائي,الدفع بانتفاء القصد الجنايي,defense_issue,الموسوعة الجنائية,الإجراءات الجزائية / الجزائي,الجزائي > الدفوع > الدفع بانتفاء القصد الجنائي,structural_seed,0.9,True,seed://egypt_moj_structural_seed,seed,الدفع بانتفاء القصد الجنائي
Egyptian Legal Encyclopedia,seed://egypt_moj_structural_seed,EG,2,الموسوعة الجنائية,البطلان والمواعيد,البطلان والمواعيد,legal_deadline,الموسوعة الجنائية,المرافعات / الإجراءات الجزائية / المحاكم التجارية,الجزائي > البطلان والمواعيد > البطلان والمواعيد,structural_seed,0.75,True,seed://egypt_moj_structural_seed,seed,البطلان والمواعيد
Egyptian Legal Encyclopedia,seed://egypt_moj_structural_seed,EG,3,البطلان والمواعيد,بطلان إجراءات الاستدلال,بطلان اجراءات الاستدلال,procedural_issue,الموسوعة الجنائية,المرافعات / الإجراءات الجزائية / المحاكم التجارية,الجزائي > البطلان والمواعيد > بطلان إجراءات الاستدلال,structural_seed,0.75,True,seed://egypt_moj_structural_seed,seed,بطلان إجراءات الاستدلال
Egyptian Legal Encyclopedia,seed://egypt_moj_structural_seed,EG,3,البطلان والمواعيد,المواعيد القانونية للطعن,المواعيد القانونيه للطعن,legal_deadline,الموسوعة الجنائية,المرافعات / الإجراءات الجزائية / المحاكم التجارية,الجزائي > البطلان والمواعيد > المواعيد القانونية للطعن,structural_seed,0.9,True,seed://egypt_moj_structural_seed,seed,المواعيد القانونية للطعن
Egyptian Legal Encyclopedia,seed://egypt_moj_structural_seed,EG,2,الموسوعة الجنائية,التكييف الجنائي وقيود الاتهام,التكييف الجنايي وقيود الاتهام,criminal_classification,الموسوعة الجنائية,الجزائي,الجزائي > التكييف الجنائي > التكييف الجنائي وقيود الاتهام,structural_seed,0.75,True,seed://egypt_moj_structural_seed,seed,التكييف الجنائي وقيود الاتهام
Egyptian Legal Encyclopedia,seed://egypt_moj_structural_seed,EG,1,الموسوعة القانونية المصرية,الموسوعة المدنية,الموسوعه المدنيه,encyclopedia_branch,الموسوعة المدنية,المعاملات المدنية / المرافعات,المعاملات المدنية > مسائل عامة > الموسوعة المدنية,structural_seed,0.9,True,seed://egypt_moj_structural_seed,seed,الموسوعة المدنية
Egyptian Legal Encyclopedia,seed://egypt_moj_structural_seed,EG,2,الموسوعة المدنية,الدفوع المدنية,الدفوع المدنيه,defense_issue,الموسوعة المدنية,المرافعات الشرعية / المعاملات المدنية,المرافعات والإجراءات > الدفوع > الدفوع المدنية,structural_seed,0.9,True,seed://egypt_moj_structural_seed,seed,الدفوع المدنية
Egyptian Legal Encyclopedia,seed://egypt_moj_structural_seed,EG,3,الدفوع المدنية,الدفع بعدم القبول,الدفع بعدم القبول,defense_issue,الموسوعة المدنية,المرافعات الشرعية / المعاملات المدنية,المرافعات والإجراءات > الدفوع > الدفع بعدم القبول,structural_seed,0.75,True,seed://egypt_moj_structural_seed,seed,الدفع بعدم القبول
Egyptian Legal Encyclopedia,seed://egypt_moj_structural_seed,EG,3,الدفوع المدنية,الدفع بعدم الاختصاص,الدفع بعدم الاختصاص,defense_issue,الموسوعة المدنية,المرافعات الشرعية / المعاملات المدنية,المرافعات والإجراءات > الدفوع > الدفع بعدم الاختصاص,structural_seed,0.75,True,seed://egypt_moj_structural_seed,seed,الدفع بعدم الاختصاص
Egyptian Legal Encyclopedia,seed://egypt_moj_structural_seed,EG,3,الدفوع المدنية,الدفع بالتقادم,الدفع بالتقادم,defense_issue,الموسوعة المدنية,المرافعات الشرعية / المعاملات المدنية,المرافعات والإجراءات > الدفوع > الدفع بالتقادم,structural_seed,0.75,True,seed://egypt_moj_structural_seed,seed,الدفع بالتقادم
Egyptian Legal Encyclopedia,seed://egypt_moj_structural_seed,EG,2,الموسوعة المدنية,البطلان والمواعيد المدنية,البطلان والمواعيد المدنيه,legal_deadline,الموسوعة المدنية,المرافعات / الإجراءات الجزائية / المحاكم التجارية,المرافعات والإجراءات > البطلان والمواعيد > البطلان والمواعيد المدنية,structural_seed,0.75,True,seed://egypt_moj_structural_seed,seed,البطلان والمواعيد المدنية
Egyptian Legal Encyclopedia,seed://egypt_moj_structural_seed,EG,3,البطلان والمواعيد المدنية,بطلان صحيفة الدعوى,بطلان صحيفه الدعوي,procedural_issue,الموسوعة المدنية,المرافعات / الإجراءات الجزائية / المحاكم التجارية,المرافعات والإجراءات > البطلان والمواعيد > بطلان صحيفة الدعوى,structural_seed,0.75,True,seed://egypt_moj_structural_seed,seed,بطلان صحيفة الدعوى
Egyptian Legal Encyclopedia,seed://egypt_moj_structural_seed,EG,3,البطلان والمواعيد المدنية,مواعيد الطعن المدني,مواعيد الطعن المدني,legal_deadline,الموسوعة المدنية,المرافعات / الإجراءات الجزائية / المحاكم التجارية,المرافعات والإجراءات > البطلان والمواعيد > مواعيد الطعن المدني,structural_seed,0.75,True,seed://egypt_moj_structural_seed,seed,مواعيد الطعن المدني
Egyptian Legal Encyclopedia,seed://egypt_moj_structural_seed,EG,2,الموسوعة المدنية,قواعد المواريث,قواعد المواريث,inheritance_issue,الموسوعة المدنية,الأحوال الشخصية / التركات,الأحوال الشخصية > التركات والمواريث > قواعد المواريث,structural_seed,0.9,True,seed://egypt_moj_structural_seed,seed,قواعد المواريث
Egyptian Legal Encyclopedia,seed://egypt_moj_structural_seed,EG,2,الموسوعة المدنية,منشورات الشهر العقاري,منشورات الشهر العقاري,real_estate_documentation,الموسوعة المدنية,التوثيق / العقار,التوثيق والعقار > الشهر العقاري > منشورات الشهر العقاري,structural_seed,0.9,True,seed://egypt_moj_structural_seed,seed,منشورات الشهر العقاري
Egyptian Legal Encyclopedia,seed://egypt_moj_structural_seed,EG,1,الموسوعة القانونية المصرية,القاموس القانوني,القاموس القانوني,encyclopedia_branch,القاموس القانوني,مفاهيم قانونية / مكنز,المفاهيم القانونية > المكنز القانوني > القاموس القانوني,structural_seed,0.9,True,seed://egypt_moj_structural_seed,seed,القاموس القانوني
Egyptian Legal Encyclopedia,seed://egypt_moj_structural_seed,EG,2,القاموس القانوني,المصطلحات القانونية,المصطلحات القانونيه,legal_dictionary,القاموس القانوني,مفاهيم قانونية / مكنز,المفاهيم القانونية > المكنز القانوني > المصطلحات القانونية,structural_seed,0.75,True,seed://egypt_moj_structural_seed,seed,المصطلحات القانونية
Egyptian Legal Encyclopedia,seed://egypt_moj_structural_seed,EG,2,القاموس القانوني,المكنز القانوني,المكنز القانوني,legal_dictionary,القاموس القانوني,مفاهيم قانونية / مكنز,المفاهيم القانونية > المكنز القانوني > المكنز القانوني,structural_seed,0.75,True,seed://egypt_moj_structural_seed,seed,المكنز القانوني
